Rk,Player,Tm,FantPos,PPR,DKPt,FDPt,VBD,PosRank,OvRank,-9999
1,Derrick Henry,TEN,RB,333.1,341.1,323.6,184,1,1,HenrDe00
2,Alvin Kamara,NOR,RB,377.8,383.8,336.3,165,2,2,KamaAl00
3,Dalvin Cook,MIN,RB,337.8,346.8,315.8,164,3,3,CookDa01
4,Davante Adams,GNB,WR,358.4,362.4,300.9,117,1,4,AdamDa01
5,Travis Kelce,KAN,TE,312.8,316.8,260.3,117,1,5,KelcTr00
6,Tyreek Hill,KAN,WR,328.9,334.9,285.4,116,2,6,HillTy00
7,Josh Allen,BUF,QB,396.1,418.1,405.6,113,1,7,AlleJo02
8,Aaron Rodgers,GNB,QB,383.3,396.3,387.8,100,2,8,RodgAa00
9,Kyler Murray,ARI,QB,378.7,400.7,390.7,96,3,9,MurrKy00
10,Patrick Mahomes,KAN,QB,374.4,388.4,380.4,92,4,10,MahoPa00
11,Deshaun Watson,HOU,QB,369.3,385.3,376.3,87,5,11,WatsDe00
12,Jonathan Taylor,IND,RB,252.8,259.8,234.8,87,4,12,TaylJo02
13,Aaron Jones,GNB,RB,258.9,264.9,235.4,82,5,13,JoneAa00
14,David Montgomery,CHI,RB,264.8,271.8,237.8,81,6,14,MontDa01
15,Darren Waller,LVR,TE,278.6,283.6,225.1,81,2,15,WallDa01
16,Russell Wilson,SEA,QB,359.8,382.8,372.8,77,6,16,WilsRu00
17,Stefon Diggs,BUF,WR,328.6,331.6,265.1,75,3,17,DiggSt00
18,James Robinson,JAX,RB,250.4,257.4,225.9,71,7,18,RobiJa00
19,Josh Jacobs,LVR,RB,231.3,239.3,214.8,68,8,19,JacoJo01
20,Calvin Ridley,ATL,WR,281.5,285.5,236.5,65,4,20,RidlCa00
21,Nick Chubb,CLE,RB,207.7,214.7,199.7,62,9,21,ChubNi00
22,D.K. Metcalf,SEA,WR,271.3,275.3,229.8,62,5,22,MetcDK00
23,Ryan Tannehill,TEN,QB,344.4,358.4,350.9,61,7,23,TannRy00
24,Justin Jefferson,MIN,WR,274.2,277.2,230.2,60,6,24,JeffJu00
25,Taysom Hill,NOR,TE,156.6,169.6,154.6,58,3,25,HillTa00
26,Tom Brady,TAM,QB,337.9,353.9,349.9,55,8,26,BradTo00
27,Adam Thielen,MIN,WR,254.0,257.0,217.0,54,7,27,ThieAd00
28,Mike Evans,TAM,WR,248.6,251.6,213.6,52,8,28,EvanMi00
29,A.J. Brown,TEN,WR,247.5,251.5,212.5,51,9,29,BrowAJ00
30,Justin Herbert,LAC,QB,332.8,349.8,342.8,50,9,30,HerbJu00
31,Lamar Jackson,BAL,QB,332.8,351.8,341.8,50,10,31,JackLa00
32,Kareem Hunt,CLE,RB,218.5,224.5,199.5,50,10,32,HuntKa00
33,DeAndre Hopkins,ARI,WR,287.8,292.8,230.3,46,10,33,HopkDe00
34,Ezekiel Elliott,DAL,RB,223.7,234.7,197.7,42,11,34,ElliEz00
35,Tyler Lockett,SEA,WR,265.4,268.4,215.4,39,11,35,LockTy00
36,Kenyan Drake,ARI,RB,192.2,199.2,179.7,37,12,36,DrakKe00
37,Antonio Gibson,WAS,RB,202.2,210.2,184.2,36,14,37,GibsAn00
38,Melvin Gordon,DEN,RB,198.4,208.4,182.4,36,13,38,GordMe00
39,Allen Robinson,CHI,WR,262.9,265.9,211.9,35,12,39,RobiAl02
40,Robert Tonyan,GNB,TE,176.6,179.6,150.6,34,4,40,TonyRo00
41,Robert Woods,LAR,WR,245.1,252.1,200.1,29,13,41,WoodRo02
42,Ronald Jones II,TAM,RB,186.3,194.3,172.3,28,15,42,JoneRo01
43,Chase Claypool,PIT,WR,214.9,218.9,183.9,27,14,43,ClayCh01
44,Marvin Jones,DET,WR,227.8,230.8,189.8,25,15,44,JoneMa02
45,Brandin Cooks,HOU,WR,232.0,235.0,191.5,25,16,45,CookBr00
46,Kirk Cousins,MIN,QB,306.2,330.2,319.2,24,11,46,CousKi00
47,Mark Andrews,BAL,TE,170.1,173.1,141.1,22,5,47,AndrMa00
48,Chris Carson,SEA,RB,187.8,193.8,169.3,21,16,48,CarsCh00
49,J.K. Dobbins,BAL,RB,168.5,174.5,159.5,20,17,49,DobbJK00
50,D.J. Moore,CAR,WR,211.5,214.5,178.5,19,17,50,MoorD.00
51,Keenan Allen,LAC,WR,245.1,250.1,195.1,19,18,51,AlleKe00
52,Amari Cooper,DAL,WR,236.8,239.8,190.8,18,19,52,CoopAm00
53,T.J. Hockenson,DET,TE,175.3,179.3,141.8,18,6,53,HockTJ00
54,Mike Davis,CAR,RB,206.5,213.5,177.0,17,18,54,DaviMi01
55,CeeDee Lamb,DAL,WR,217.7,221.7,180.7,17,20,55,LambCe00
56,David Johnson,HOU,RB,179.5,186.5,163.0,16,19,56,JohnDa08
57,Mike Gesicki,MIA,TE,159.3,162.3,132.8,16,7,57,GesiMi00
58,D'Andre Swift,DET,RB,189.8,197.8,166.8,14,20,58,SwifDA00
59,Logan Thomas,WAS,TE,176.6,179.6,140.6,14,8,59,ThomLo00
60,Rob Gronkowski,TAM,TE,149.3,152.3,126.8,14,9,60,GronRo00
61,Miles Sanders,PHI,RB,170.4,178.4,156.4,12,21,61,SandMi01
62,Nelson Agholor,LVR,WR,185.6,188.6,161.6,11,21,62,AghoNe00
63,JuJu Smith-Schuster,PIT,WR,234.1,238.1,185.6,11,22,63,SmitJu00
64,Clyde Edwards-Helaire,KAN,RB,176.0,182.0,158.0,10,22,64,EdwaCl00
65,Terry McLaurin,WAS,WR,223.8,227.8,180.3,10,23,65,McLaTe00
66,Will Fuller,HOU,WR,188.9,191.9,162.4,10,24,66,FullWi01
67,Curtis Samuel,CAR,WR,212.1,218.1,173.6,9,25,67,SamuCu00
68,Jonnu Smith,TEN,TE,140.2,143.2,119.7,9,10,68,SmitJo01
69,Todd Gurley,ATL,RB,163.2,169.2,150.7,8,23,69,GurlTo01
70,Diontae Johnson,PIT,WR,221.8,225.8,177.8,7,26,70,JohnDi01
71,Robbie Chosen,CAR,WR,224.1,228.1,176.6,3,27,71,AndeRo04
72,Jimmy Graham,CHI,TE,143.6,146.6,118.6,3,11,72,GrahJi00
73,Hayden Hurst,ATL,TE,149.1,152.1,121.1,3,12,73,HursHa00
74,Tee Higgins,CIN,WR,194.6,198.6,161.1,1,28,74,HiggTe00
75,Matt Ryan,ATL,QB,282.4,299.4,293.4,,12,75,RyanMa00
76,Derek Carr,LVR,QB,272.1,295.1,281.1,,13,76,CarrDe02
77,Ben Roethlisberger,PIT,QB,267.2,281.2,277.2,,14,77,RoetBe00
78,Matthew Stafford,DET,QB,260.6,277.6,270.6,,15,78,StafMa00
79,Cam Newton,NWE,QB,261.0,278.0,270.0,,16,,NewtCa00
80,Baker Mayfield,CLE,QB,248.6,266.6,256.1,,17,,MayfBa00
81,Teddy Bridgewater,CAR,QB,241.2,261.2,252.2,,18,,BridTe00
82,Jared Goff,LAR,QB,240.0,260.0,253.0,,19,,GoffJa00
83,Philip Rivers,IND,QB,240.0,255.0,251.0,,20,,RivePh00
84,Drew Brees,NOR,QB,209.5,220.5,215.5,,21,,BreeDr00
85,Carson Wentz,PHI,QB,198.4,223.4,213.4,,22,,WentCa00
86,Drew Lock,DEN,QB,181.3,205.3,196.3,,23,,LockDr00
87,Daniel Jones,NYG,QB,180.0,202.0,190.0,,24,,JoneDa05
88,Joe Burrow,CIN,QB,173.7,188.7,178.7,,25,,BurrJo01
89,Gardner Minshew II,JAX,QB,160.7,175.7,165.2,,26,,MinsGa00
90,Mitchell Trubisky,CHI,QB,153.7,169.7,161.7,,27,,TrubMi00
91,Ryan Fitzpatrick,MIA,QB,153.7,167.7,161.2,,28,,FitzRy00
92,Andy Dalton,DAL,QB,136.9,151.9,144.4,,29,,DaltAn00
93,Dak Prescott,DAL,QB,135.6,145.6,139.1,,31,,PresDa01
94,Tua Tagovailoa,MIA,QB,135.5,147.5,140.5,,30,,TagoTu00
95,Sam Darnold,NYJ,QB,134.0,153.0,145.0,,32,,DarnSa00
96,James Conner,PIT,RB,164.6,170.6,147.1,,25,,ConnJa00
97,Nyheim Hines,IND,RB,193.2,199.2,161.7,,24,,HineNy00
98,Jeff Wilson,SFO,RB,142.3,150.3,135.8,,26,,WilsJe01
99,Cole Beasley,BUF,WR,207.5,210.5,166.5,,31,,BeasCo00
100,Corey Davis,TEN,WR,191.4,195.4,158.9,,29,,DaviCo03
101,Chris Godwin,TAM,WR,191.0,194.0,158.5,,30,,GodwCh00
102,Brandon Aiyuk,SFO,WR,184.5,187.5,154.5,,33,,AiyuBr00
103,Marquise Brown,BAL,WR,183.0,186.0,154.0,,32,,BrowMa04
104,Myles Gaskin,MIA,RB,164.2,172.2,143.7,,27,,GaskMy00
105,Gus Edwards,BAL,RB,128.2,135.2,123.7,,28,,EdwaGu00
106,Cooper Kupp,LAR,WR,208.7,212.7,162.7,,34,,KuppCo00
107,Wayne Gallman,NYG,RB,136.6,142.6,126.1,,29,,GallWa00
108,Jarvis Landry,CLE,WR,188.0,191.0,152.0,,35,,LandJa00
109,Nick Mullens,SFO,QB,116.3,135.3,128.3,,33,,MullNi00
110,Chase Edmonds,ARI,RB,168.0,174.0,141.5,,30,,EdmoCh00
111,Tyler Boyd,CIN,WR,192.6,195.6,153.1,,37,,BoydTy00
112,Michael Gallup,DAL,WR,173.3,176.3,143.8,,36,,GallMi00
113,Darrell Henderson,LAR,RB,130.3,136.3,122.3,,31,,HendDa00
114,Jamison Crowder,NYJ,WR,172.0,175.0,142.5,,38,,CrowJa00
115,Latavius Murray,NOR,RB,136.2,142.2,124.7,,32,,MurrLa00
116,Adrian Peterson,DET,RB,124.5,130.5,118.5,,33,,PeteAd01
117,Giovani Bernard,CIN,RB,158.1,165.1,134.6,,36,,BernGi00
118,Austin Ekeler,LAC,RB,165.3,171.3,138.3,,35,,EkelAu00
119,J.D. McKissic,WAS,RB,191.4,198.4,151.4,,34,,McKiJ.00
120,Tim Patrick,DEN,WR,161.2,164.2,135.7,,39,,PatrTi00
121,Russell Gage,ATL,WR,181.1,184.1,145.1,,40,,GageRu00
122,T.Y. Hilton,IND,WR,164.2,167.2,136.2,,41,,HiltT.00
123,Jalen Hurts,PHI,QB,109.1,121.1,112.6,,34,,HurtJa00
124,Jerry Jeudy,DEN,WR,157.6,160.6,131.6,,43,,JeudJe00
125,Devin Singletary,BUF,RB,143.6,150.6,124.6,,37,,SingDe00
126,Mike Williams,LAC,WR,153.7,156.7,129.7,,42,,WillMi07
127,Nick Foles,CHI,QB,104.2,115.2,112.2,,35,,FoleNi00
128,Emmanuel Sanders,NOR,WR,164.8,167.8,134.3,,45,,SandEm00
129,Marquez Valdes-Scantling,GNB,WR,137.3,141.3,120.8,,44,,ValdMa00
130,DeVante Parker,MIA,WR,166.3,169.3,134.8,,46,,ParkDe01
131,Gabriel Davis,BUF,WR,136.9,139.9,119.4,,47,,DaviGa01
132,DJ Chark,JAX,WR,153.6,156.6,127.1,,48,,CharDJ00
133,Keelan Cole,JAX,WR,155.4,158.4,127.9,,49,,ColeKe00
134,Laviska Shenault Jr.,JAX,WR,157.1,160.1,128.1,,50,,ShenLa00
135,Christian Kirk,ARI,WR,146.4,149.4,122.4,,51,,KirkCh01
136,Sterling Shepard,NYG,WR,162.5,165.5,129.5,,52,,ShepSt00
137,Leonard Fournette,TAM,RB,132.0,138.0,114.0,,39,,FourLe00
138,Jamaal Williams,GNB,RB,127.1,133.1,111.6,,38,,WillJa06
139,Julio Jones,ATL,WR,146.1,149.1,120.6,,53,,JoneJu02
140,Jerick McKinnon,SFO,RB,126.2,132.2,109.7,,40,,McKiJe00
141,Zach Pascal,IND,WR,136.9,139.9,114.9,,54,,PascZa00
142,Tony Pollard,DAL,RB,120.8,126.8,106.8,,41,,PollTo00
143,Cam Akers,LAR,RB,101.8,108.8,96.3,,42,,AkerCa00
144,Darnell Mooney,CHI,WR,152.1,155.1,121.6,,55,,MoonDa00
145,Darius Slayton,NYG,WR,141.0,145.0,116.0,,56,,SlayDa01
146,Jared Cook,NOR,TE,127.4,131.4,108.9,,13,,CookJa02
147,Zack Moss,BUF,RB,101.6,104.6,94.6,,43,,MossZa00
148,Noah Fant,DEN,TE,149.3,152.3,118.3,,14,,FantNo00
149,Mecole Hardman,KAN,WR,128.1,133.1,107.6,,57,,HardMe00
150,Malcolm Brown,LAR,RB,109.1,116.1,97.6,,45,,BrowMa03
151,Eric Ebron,PIT,TE,141.8,145.8,113.8,,15,,EbroEr00
152,Damien Harris,NWE,RB,91.3,94.3,88.8,,44,,HarrDa06
153,Hunter Henry,LAC,TE,145.3,148.3,115.3,,16,,HenrHu00
154,Frank Gore,NYJ,RB,100.2,104.2,92.2,,46,,GoreFr00
155,Tyler Higbee,LAR,TE,128.2,131.2,106.2,,17,,HigbTy00
156,Rashard Higgins,CLE,WR,120.9,123.9,102.4,,58,,HiggRa00
157,Jakobi Meyers,NWE,WR,142.5,146.5,113.0,,60,,MeyeJa01
158,David Moore,SEA,WR,118.8,121.8,101.3,,59,,MoorDa03
159,Raheem Mostert,SFO,RB,99.7,106.7,91.7,,47,,MostRa00
160,Dalton Schultz,DAL,TE,146.5,150.5,115.0,,18,,SchuDa00
161,Rex Burkhead,NWE,RB,107.6,113.6,95.1,,48,,BurkRe00
162,Kendrick Bourne,SFO,WR,129.7,132.7,105.2,,61,,BourKe00
163,Greg Ward,PHI,WR,133.1,136.1,106.6,,62,,WardGr02
164,Joe Mixon,CIN,RB,99.6,106.6,89.1,,49,,MixoJo00
165,Evan Engram,NYG,TE,141.0,145.0,109.5,,19,,EngrEv00
166,Travis Fulgham,PHI,WR,115.9,118.9,96.9,,63,,FulgTr00
167,George Kittle,SFO,TE,125.1,128.1,101.1,,20,,KittGe00
168,Hunter Renfrow,LVR,WR,131.6,135.6,103.6,,64,,RenfHu00
169,Alexander Mattison,MIN,RB,86.9,92.9,80.4,,50,,MattAl01
170,Christian McCaffrey,CAR,RB,90.4,96.4,81.9,,51,,McCaCh01
171,Antonio Brown,TAM,WR,117.1,120.1,94.6,,66,,BrowAn04
172,Josh Reynolds,LAR,WR,124.3,128.3,98.3,,65,,ReynJo00
173,Alex Smith,WAS,QB,71.6,82.6,79.6,,36,,SmitAl03
174,Boston Scott,PHI,RB,95.6,101.6,83.1,,52,,ScotBo02
175,Dallas Goedert,PHI,TE,116.4,119.4,93.4,,21,,GoedDa00
176,Brian Hill,ATL,RB,95.4,102.4,82.9,,53,,HillBr02
177,Isaiah McKenzie,BUF,WR,99.6,102.6,84.6,,67,,McKeIs00
178,Scott Miller,TAM,WR,102.5,105.5,86.0,,68,,MillSc01
179,Devontae Booker,LVR,RB,85.7,88.7,77.2,,55,,BookDe00
180,Jalen Guyton,LAC,WR,97.1,100.1,83.1,,70,,GuytJa01
181,Carlos Hyde,SEA,RB,84.9,87.9,76.9,,54,,HydeCa00
182,Breshad Perriman,NYJ,WR,99.1,102.1,84.1,,71,,PerrBr02
183,Irv Smith Jr.,MIN,TE,98.5,101.5,83.5,,22,,SmitIr01
184,Tre'Quan Smith,NOR,WR,103.1,106.1,86.1,,72,,SmitTr03
185,James Washington,PIT,WR,99.2,102.2,84.2,,69,,WashJa00
186,Damiere Byrd,NWE,WR,114.9,117.9,91.4,,73,,ByrdDa00
187,Dwayne Haskins,WAS,QB,68.2,81.2,75.2,,37,,HaskDw00
188,Austin Hooper,CLE,TE,113.5,116.5,90.5,,23,,HoopAu00
189,Sony Michel,NWE,RB,75.3,81.3,71.8,,56,,MichSo00
190,James White,NWE,RB,116.6,122.6,92.1,,57,,WhitJa02
191,Dan Arnold,ARI,TE,96.8,100.8,81.3,,24,,ArnoDa00
192,Kalen Ballage,2TM,RB,93.9,99.9,79.4,,58,,BallKa00
193,Allen Lazard,GNB,WR,97.8,100.8,81.3,,74,,LazaAl00
194,Benny Snell Jr.,PIT,RB,74.9,78.9,69.9,,59,,SnelBe00
195,Odell Beckham Jr.,CLE,WR,86.8,89.8,75.3,,76,,BeckOd00
196,John Brown,BUF,WR,96.8,99.8,80.3,,77,,BrowJo02
197,Jimmy Garoppolo,SFO,QB,64.3,72.3,69.3,,38,,GaroJi00
198,A.J. Green,CIN,WR,111.3,114.3,87.8,,75,,GreeA.00
199,Kyle Juszczyk,SFO,FB,81.6,84.6,72.1,,60,,JuszKy00
200,Demarcus Robinson,KAN,WR,107.6,111.6,85.1,,78,,RobiDe01
201,Randall Cobb,HOU,WR,100.1,103.1,81.1,,79,,CobbRa00
202,Mike Glennon,JAX,QB,60.6,70.6,65.6,,39,,GlenMi00
203,Willie Snead,BAL,WR,94.2,97.2,77.7,,80,,SneaWi00
204,Danny Amendola,DET,WR,106.4,109.4,83.4,,81,,AmenDa00
205,Braxton Berrios,NYJ,WR,97.3,100.3,78.8,,82,,BerrBr00
206,KJ Hamler,DEN,WR,90.1,93.1,75.1,,83,,HamlKJ00
207,Tyron Johnson,LAC,WR,79.5,82.5,69.5,,85,,JohnTy03
208,Anthony Miller,CHI,WR,108.7,112.7,84.2,,84,,MillAn02
209,Le'Veon Bell,2TM,RB,74.6,80.6,66.6,,62,,BellLe00
210,Phillip Lindsay,DEN,RB,66.0,69.0,62.5,,61,,LindPh00
211,Michael Pittman Jr.,IND,WR,98.9,101.9,78.9,,86,,PittMi01
212,Salvon Ahmed,MIA,RB,69.0,72.0,63.5,,64,,AhmeSa01
213,Joshua Kelley,LAC,RB,81.2,89.2,69.7,,63,,KellJo01
214,Henry Ruggs III,LVR,WR,84.1,89.1,71.1,,87,,RuggHe00
215,Chris Conley,JAX,WR,97.1,101.1,77.1,,88,,ConlCh00
216,Preston Williams,MIA,WR,74.8,77.8,65.8,,89,,WillPr01
217,Duke Johnson,HOU,RB,84.4,92.4,70.4,,65,,JohnDu00
218,Jalen Reagor,PHI,WR,87.2,90.2,71.7,,90,,ReagJa00
219,Trey Burton,IND,TE,83.3,86.3,69.3,,25,,BurtTr01
220,Darren Fells,HOU,TE,76.2,79.2,65.7,,26,,FellDa01
221,Joe Flacco,NYJ,QB,54.8,60.8,57.8,,40,,FlacJo00
222,Samaje Perine,CIN,RB,65.7,68.7,60.2,,66,,PeriSa00
223,Keke Coutee,HOU,WR,87.0,93.0,70.5,,92,,CoutKe00
224,Cam Sims,WAS,WR,86.2,89.2,70.2,,91,,SimsCa00
225,Kerryon Johnson,DET,RB,71.8,78.8,62.3,,67,,JohnKe06
226,C.J. Beathard,SFO,QB,52.3,58.3,52.3,,41,,BeatC.00
227,Gerald Everett,LAR,TE,92.9,96.9,72.4,,27,,EverGe00
228,Golden Tate,NYG,WR,86.5,89.5,69.0,,93,,TateGo00
229,Peyton Barber,WAS,RB,55.0,58.0,53.0,,68,,BarbPe01
230,Miles Boykin,BAL,WR,69.6,72.6,60.1,,95,,BoykMi00
231,Jakeem Grant,MIA,WR,87.3,90.3,69.3,,94,,GranJa00
232,Brandon Allen,CIN,QB,49.7,57.7,53.7,,42,,AlleBr00
233,Sammy Watkins,KAN,WR,87.4,92.4,69.9,,96,,WatkSa00
234,Mo Alie-Cox,IND,TE,80.4,84.4,64.9,,28,,AlieMo00
235,Jordan Wilkins,IND,RB,61.3,67.3,55.3,,69,,WilkJo01
236,Cordarrelle Patterson,CHI,WR,69.4,75.4,58.9,,97,,PattCo00
237,Deebo Samuel,SFO,WR,80.7,83.7,64.2,,98,,SamuDe00
238,Jordan Akins,HOU,TE,83.7,86.7,65.2,,31,,AkinJo00
239,Quintez Cephus,DET,WR,66.9,69.9,56.9,,99,,CephQu00
240,Tyler Eifert,JAX,TE,82.9,85.9,64.9,,30,,EifeTy00
241,Larry Fitzgerald,ARI,WR,100.9,103.9,73.9,,100,,FitzLa00
242,Mark Ingram,BAL,RB,52.9,55.9,49.9,,71,,IngrMa01
243,Ty Johnson,2TM,RB,63.3,66.3,55.3,,70,,JohnTy02
244,Jordan Reed,SFO,TE,73.1,76.1,60.1,,29,,ReedJo02
245,Richard Rodgers,PHI,TE,70.5,73.5,58.5,,32,,RodgRi00
246,Kenny Golladay,DET,WR,65.8,68.8,55.8,,101,,GollKe00
247,Justin Jackson,LAC,RB,65.3,71.3,55.8,,72,,JackJu01
248,Kyle Allen,WAS,QB,45.0,50.0,46.0,,43,,AlleKy00
249,Anthony Firkser,TEN,FB,83.7,86.7,64.2,,73,,FirkAn00
250,Donovan Peoples-Jones,CLE,WR,58.4,61.4,51.4,,102,,PeopDo00
251,Michael Thomas,NOR,WR,83.9,86.9,63.9,,103,,ThomMi05
252,Chris Herndon,NYJ,TE,73.7,78.7,58.2,,34,,HernCh00
253,Dawson Knox,BUF,TE,66.8,71.8,54.8,,33,,KnoxDa00
254,Zach Ertz,PHI,TE,77.5,80.5,59.5,,35,,ErtzZa00
255,Marvin Hall,2TM,WR,60.3,63.3,51.3,,104,,HallMa02
256,La'Mical Perine,NYJ,RB,52.5,55.5,47.0,,74,,PeriLa00
257,Jack Doyle,IND,TE,64.1,68.1,52.6,,36,,DoylJa00
258,N'Keal Harry,NWE,WR,73.9,77.9,57.4,,107,,HarrNK00
259,Jacob Hollister,SEA,TE,65.9,68.9,53.4,,37,,HollJa03
260,Richie James,SFO,WR,64.4,69.4,52.9,,105,,JameRi00
261,Collin Johnson,JAX,WR,59.2,62.2,50.2,,106,,JohnCo01
262,Cameron Brate,TAM,TE,68.2,71.2,54.2,,38,,BratCa00
263,DeeJay Dallas,SEA,RB,56.9,62.9,48.4,,76,,DallDe00
264,Ito Smith,ATL,RB,57.3,60.3,48.8,,75,,SmitIt00
265,DaeSean Hamilton,DEN,WR,62.3,66.3,50.8,,108,,HamiDa01
266,Drew Sample,CIN,TE,78.9,82.9,58.9,,39,,SampDr00
267,Harrison Bryant,CLE,TE,61.8,66.8,49.8,,40,,BryaHa00
268,AJ Dillon,GNB,RB,40.3,43.3,39.3,,77,,DillAJ00
269,Dion Lewis,NYG,RB,57.2,65.2,47.7,,78,,LewiDi00
270,Denzel Mims,NYJ,WR,60.7,63.7,49.2,,109,,MimsDe00
271,Alfred Morris,NYG,RB,40.7,43.7,39.2,,79,,MorrAl00
272,Will Dissly,SEA,TE,61.1,64.1,49.1,,42,,DissWi00
273,Kyle Rudolph,MIN,TE,65.4,69.4,51.4,,41,,RudoKy00
274,Darrel Williams,KAN,RB,54.5,60.5,45.5,,80,,WillDa10
275,Julian Edelman,NWE,WR,56.2,59.2,45.7,,110,,EdelJu00
276,Adam Humphries,TEN,WR,57.8,60.8,46.3,,111,,HumpAd00
277,Cedrick Wilson Jr.,DAL,WR,51.6,54.6,43.1,,112,,WilsCe01
278,Andy Isabella,ARI,WR,54.8,57.8,44.3,,113,,IsabAn00
279,Cole Kmet,CHI,TE,62.0,66.0,48.0,,43,,KmetCo00
280,Donald Parham,LAC,TE,43.9,46.9,38.9,,44,,ParhDo00
281,Matt Breida,MIA,RB,42.0,46.0,37.5,,81,,BreiMa00
282,Devin Duvernay,BAL,WR,53.1,56.1,43.1,,115,,DuveDe00
283,David Njoku,CLE,TE,52.3,55.3,42.8,,45,,NjokDa00
284,Adam Shaheen,MIA,TE,45.0,48.0,39.0,,46,,ShahAd00
285,Durham Smythe,MIA,TE,58.8,61.8,45.8,,47,,SmytDu00
286,Olamide Zaccheaus,ATL,WR,53.4,56.4,43.4,,114,,ZaccOl01
287,Jeremy McNichols,TEN,RB,43.9,46.9,37.9,,83,,McNiJe00
288,Jalen Richard,LVR,RB,51.1,57.1,41.6,,82,,RichJa01
289,Josh Adams,NYJ,RB,36.6,39.6,33.6,,84,,AdamJo03
290,Ross Dwelley,SFO,TE,49.5,52.5,40.0,,48,,DwelRo00
291,DeSean Jackson,PHI,WR,44.8,47.8,37.8,,116,,JackDe00
292,Chad Beebe,MIN,WR,50.1,54.1,40.1,,118,,BeebCh00
293,Jeff Driskel,DEN,QB,30.1,35.1,32.1,,44,,DrisJe00
294,Chad Hansen,HOU,WR,46.6,49.6,38.1,,119,,HansCh00
295,Jordan Howard,2TM,RB,30.7,30.7,30.2,,85,,HowaJo00
296,Tyler Kroft,BUF,TE,41.9,44.9,35.9,,49,,KrofTy00
297,Greg Olsen,SEA,TE,53.9,56.9,41.9,,50,,OlseGr00
298,Steven Sims,WAS,WR,57.3,62.3,43.8,,117,,SimsSt00
299,Devonta Freeman,NYG,RB,36.0,39.0,32.5,,86,,FreeDe00
300,Tyler Johnson,TAM,WR,40.9,43.9,34.9,,120,,JohnTy00
301,Marcedes Lewis,GNB,TE,38.7,41.7,33.7,,51,,LewiMa00
302,Pharaoh Brown,HOU,TE,42.3,45.3,35.3,,52,,BrowPh01
303,Isaiah Ford,MIA,WR,55.6,58.6,41.6,,126,,FordIs00
304,Deonte Harty,NOR,WR,47.7,51.7,37.7,,125,,HarrDe07
305,Dontrelle Inman,WAS,WR,46.3,49.3,37.3,,121,,InmaDo00
306,Van Jefferson,LAR,WR,46.9,49.9,37.4,,123,,JeffVa00
307,Jake Luton,JAX,QB,28.3,37.3,34.3,,45,,LutoJa00
308,Byron Pringle,KAN,WR,41.0,44.0,34.5,,122,,PrinBy00
309,Rodney Smith,CAR,RB,36.5,39.5,32.0,,87,,SmitRo08
310,Freddie Swain,SEA,WR,40.9,43.9,34.4,,124,,SwaiFr00
311,O.J. Howard,TAM,TE,37.6,40.6,32.1,,53,,HowaO.00
312,Mohamed Sanu,2TM,WR,44.0,47.0,35.5,,127,,SanuMo00
313,Lynn Bowden Jr.,MIA,WR,53.6,56.6,39.6,,128,,BowdLy00
314,Marcus Johnson,IND,WR,39.5,42.5,32.5,,129,,JohnMa07
315,Marcus Mariota,LVR,QB,25.8,26.8,26.8,,46,,MariMa01
316,Foster Moreau,LVR,TE,33.0,36.0,29.5,,55,,MoreFo00
317,James O'Shaughnessy,JAX,TE,54.2,57.2,40.2,,54,,O'ShJa00
318,Darwin Thompson,KAN,RB,33.2,34.2,29.7,,88,,ThomDa06
319,Tyler Conklin,MIN,TE,44.4,47.4,34.9,,56,,ConkTy00
320,Bryan Edwards,LVR,WR,36.3,39.3,30.8,,130,,EdwaBr01
321,Royce Freeman,DEN,RB,37.1,40.1,31.1,,89,,FreeRo00
322,Jesse James,DET,TE,38.9,41.9,31.9,,57,,JameJe00
323,Jamycal Hasty,SFO,RB,31.1,34.1,27.6,,90,,HastJa02
324,Chad Henne,KAN,QB,23.7,23.7,23.7,,47,,HennCh01
325,Travis Homer,SEA,RB,32.8,32.8,28.3,,91,,HomeTr00
326,Nick Boyle,BAL,TE,37.3,40.3,30.3,,58,,BoylNi00
327,Zay Jones,LVR,WR,36.6,39.6,29.6,,131,,JoneZa00
328,MyCole Pruitt,TEN,TE,27.9,27.9,25.4,,60,,PruiMy00
329,Chris Thompson,JAX,RB,42.6,45.6,32.6,,92,,ThomCh03
330,Adam Trautman,NOR,TE,38.1,41.1,30.6,,59,,TrauAd00
331,Ameer Abdullah,MIN,RB,30.0,30.0,26.0,,93,,AbduAm00
332,Mack Hollins,MIA,WR,37.6,41.6,29.6,,132,,HollMa00
333,Jacoby Brissett,IND,QB,20.6,20.6,20.6,,48,,BrisJa00
334,Marquez Callaway,NOR,WR,42.3,45.3,31.8,,133,,CallMa01
335,Olabisi Johnson,MIN,WR,34.9,37.9,27.9,,134,,JohnOl00
336,Gunner Olszewski,NWE,WR,25.5,25.5,23.0,,135,,OlszGu00
337,Ian Thomas,CAR,TE,40.5,43.5,30.5,,61,,ThomIa00
338,Alex Collins,SEA,RB,21.1,21.1,20.6,,95,,CollAl00
339,Dare Ogunbowale,JAX,RB,29.9,32.9,24.9,,96,,OgunDa00
340,Kenny Stills,HOU,WR,31.4,34.4,25.9,,136,,StilKe00
341,Antonio Williams,BUF,RB,21.3,21.3,20.8,,94,,WillAn03
342,Ryan Finley,CIN,QB,19.2,21.2,21.2,,49,,FinlRy00
343,John Hightower,PHI,WR,28.8,31.8,23.8,,138,,HighJo00
344,Jason Witten,LVR,TE,31.9,31.9,25.4,,62,,WittJa00
345,Isaiah Wright,WAS,WR,46.3,50.3,32.8,,137,,WrigIs01
346,Cameron Batson,TEN,WR,30.0,33.0,24.0,,141,,BatsCa00
347,C.J. Ham,MIN,FB,25.5,25.5,21.5,,99,,HamxC.00
348,KhaDarel Hodge,CLE,WR,29.0,32.0,23.5,,142,,HodgKh00
349,Ryan Izzo,NWE,TE,30.9,34.9,24.4,,64,,IzzoRy00
350,Alshon Jeffery,PHI,WR,23.5,26.5,20.5,,144,,JeffAl00
351,D'Ernest Johnson,CLE,RB,21.0,24.0,19.5,,98,,JohnDE04
352,Colt McCoy,NYG,QB,18.2,23.2,19.2,,51,,McCoCo00
353,Albert Okwuegbunam,DEN,TE,29.1,32.1,23.6,,63,,OkwuAl00
354,Brandon Powell,ATL,WR,29.6,30.6,23.6,,143,,PoweBr00
355,Kalif Raymond,TEN,WR,27.4,30.4,22.9,,139,,RaymKa00
356,Mason Rudolph,PIT,QB,18.4,22.4,19.4,,50,,RudoMa00
357,Equanimeous St. Brown,GNB,WR,25.4,28.4,21.9,,140,,St.BEq00
358,Ke'Shawn Vaughn,TAM,RB,23.3,27.3,20.8,,97,,VaugKe00
359,JJ Arcega-Whiteside,PHI,WR,20.5,20.5,18.5,,151,,ArceJJ00
360,Dez Bryant,BAL,WR,22.7,22.7,19.7,,148,,BryaDe01
361,Alec Ingold,LVR,FB,29.4,32.4,23.4,,100,,IngoAl01
362,KeeSean Johnson,ARI,WR,32.3,35.3,24.8,,145,,JohnKe07
363,Anthony McFarland Jr.,PIT,RB,22.7,25.7,19.7,,101,,McFaAn00
364,Jeff Smith,NYJ,WR,33.7,36.7,25.2,,149,,SmitJe03
365,Jace Sternberger,GNB,TE,29.4,32.4,23.4,,65,,SterJa00
366,Mike Thomas,CIN,WR,30.3,34.3,23.8,,146,,ThomMi04
367,Laquon Treadwell,ATL,WR,22.9,22.9,19.9,,147,,TreaLa00
368,Quez Watkins,PHI,WR,23.6,26.6,20.1,,150,,WatkQu00
369,Trayveon Williams,CIN,RB,21.7,25.7,19.2,,102,,WillTr06
370,Jamal Agnew,DET,WR,29.2,30.2,22.7,,152,,AgneJa00
371,Noah Brown,DAL,WR,29.8,32.8,22.8,,153,,BrowNo00
372,Corey Clement,PHI,RB,21.0,21.0,18.5,,103,,ClemCo00
373,D'Onta Foreman,TEN,RB,17.0,17.0,16.5,,104,,ForeDO00
374,Malcolm Perry,MIA,WR,24.7,24.7,20.2,,154,,PerrMa00
375,Lee Smith,BUF,WR,19.5,19.5,17.5,,155,,SmitLe00
376,Nick Vannett,DEN,TE,29.5,29.5,22.5,,67,,VannNi00
377,Maxx Williams,ARI,TE,24.2,27.2,20.2,,66,,WillMa04
378,Reggie Bonnafon,CAR,RB,16.7,16.7,15.7,,108,,BonnRe00
379,Darrell Daniels,ARI,TE,23.2,23.2,19.2,,68,,DaniDa02
380,Tyler Ervin,GNB,RB,26.1,26.1,20.6,,107,,ErviTy00
381,Blaine Gabbert,TAM,QB,15.3,15.3,15.3,,52,,GabbBl00
382,Garrett Gilbert,DAL,QB,14.5,15.5,15.5,,53,,GilbGa01
383,Gabe Nabers,LAC,FB,20.2,20.2,17.7,,105,,NabeGa00
384,Auden Tate,CIN,WR,29.0,32.0,22.0,,156,,TateAu00
385,C.J. Uzomah,CIN,TE,22.7,22.7,18.7,,69,,UzomC.00
386,T.J. Yeldon,BUF,RB,16.2,16.2,15.7,,106,,YeldT.00
387,Christian Blake,ATL,WR,27.1,30.1,20.6,,157,,BlakCh00
388,Darrynton Evans,TEN,RB,16.1,16.1,15.1,,109,,EvanDa02
389,Troy Fumagalli,DEN,TE,22.0,22.0,18.0,,71,,FumaTr00
390,Geoff Swaim,TEN,TE,23.3,23.3,18.8,,70,,SwaiGe00
391,Malik Taylor,GNB,WR,18.5,18.5,16.0,,158,,TaylMa01
392,Mike Boone,MIN,RB,14.9,14.9,13.9,,111,,BoonMi00
393,DeMichael Harris,IND,WR,22.5,22.5,17.5,,160,,HarrDe09
394,LeSean McCoy,TAM,RB,28.2,31.2,20.7,,110,,McCoLe01
395,Ty Montgomery,NOR,WR,15.8,18.8,14.3,,159,,MontTy01
396,Ryan Nall,CHI,RB,20.7,20.7,16.7,,112,,NallRy00
397,Jarrett Stidham,NWE,QB,12.9,15.9,15.9,,54,,StidJa00
398,John Wolford,LAR,QB,12.8,13.8,13.8,,55,,WolfJo00
399,Tarik Cohen,CHI,RB,17.5,17.5,14.5,,116,,CoheTa00
400,Chase Daniel,DET,QB,12.2,14.2,14.2,,56,,DaniCh00
401,Taylor Heinicke,WAS,QB,11.7,11.7,11.7,,57,,HeinTa00
402,Chris Hogan,NYJ,WR,25.8,28.8,18.8,,162,,HogaCh00
403,Patrick Laird,MIA,RB,22.0,23.0,17.0,,114,,LairPa00
404,Ray-Ray McCloud,PIT,WR,32.2,33.2,22.2,,161,,McClRa00
405,Dante Pettis,2TM,WR,15.6,16.6,13.6,,163,,PettDa00
406,Troymaine Pope,LAC,RB,19.8,19.8,15.8,,115,,PopeTr00
407,DeAndre Washington,2TM,RB,17.1,17.1,14.6,,113,,WashDe00
408,Stephen Anderson,LAC,TE,18.6,21.6,14.6,,75,,AndeSt01
409,Blake Bell,DAL,TE,22.2,25.2,16.7,,72,,BellBl00
410,Alex Erickson,CIN,WR,22.6,27.6,16.6,,165,,EricAl01
411,Virgil Green,LAC,TE,14.0,14.0,12.5,,74,,GreeVi00
412,Josh Hill,NOR,TE,18.6,18.6,14.6,,76,,HillJo02
413,Lil'Jordan Humphrey,NOR,WR,13.6,13.6,12.1,,166,,HumpLi01
414,Brett Rypien,DEN,QB,11.3,15.3,15.3,,58,,RypiBr00
415,Kaden Smith,NYG,TE,29.2,32.2,20.2,,73,,SmitKa00
416,Diontae Spencer,DEN,WR,13.5,13.5,12.0,,167,,SpenDi00
417,J.J. Taylor,NWE,RB,12.4,15.4,11.9,,117,,TaylJJ01
418,Javon Wims,CHI,WR,17.0,17.0,14.0,,164,,WimsJa00
419,Devin Asiasi,NWE,TE,11.9,11.9,10.9,,77,,AsiaDe00
420,C.J. Board,NYG,WR,21.4,24.4,15.9,,168,,BoarC.00
421,Jakob Johnson,NWE,FB,17.5,17.5,13.5,,118,,JohnJa12
422,Vance McDonald,PIT,TE,24.9,24.9,17.4,,78,,McDoVa00
423,Brandon Zylstra,CAR,WR,12.6,12.6,11.1,,169,,ZylsBr00
424,Matt Barkley,BUF,QB,9.3,10.3,10.3,,60,,BarkMa00
425,Saquon Barkley,NYG,RB,15.4,15.4,12.4,,119,,BarkSa00
426,Parris Campbell,IND,WR,14.7,14.7,11.7,,173,,CampPa00
427,Austin Carr,NOR,WR,11.7,11.7,10.2,,174,,CarrAu00
428,Tevin Coleman,SFO,RB,12.7,12.7,10.7,,121,,ColeTe01
429,Dominique Dafney,GNB,TE,10.6,10.6,9.6,,79,,DafnDo00
430,Ryan Griffin,NYJ,TE,17.6,17.6,13.1,,80,,GrifRy00
431,Austin Mack,NYG,WR,16.1,16.1,12.6,,171,,MackAu01
432,Trace McSorley,BAL,QB,9.3,9.3,9.3,,59,,McSoTr00
433,Artavis Pierce,CHI,RB,9.4,9.4,9.4,,120,,PierAr00
434,Joe Reed,LAC,WR,8.9,8.9,8.9,,172,,ReedJo03
435,Trent Taylor,SFO,WR,18.6,18.6,13.6,,175,,TaylTr02
436,Tyrod Taylor,LAC,QB,9.0,9.0,9.0,,61,,TaylTy00
437,P.J. Walker,CAR,QB,8.5,16.5,13.5,,62,,WalkPh00
438,Justin Watson,TAM,WR,16.4,16.4,12.9,,170,,WatsJu01
439,Reggie Gilliam,BUF,FB,9.6,9.6,8.6,,125,,GillRe00
440,Justice Hill,BAL,RB,13.0,13.0,10.5,,123,,HillJu00
441,Jake Kumerow,BUF,WR,9.2,9.2,8.7,,176,,KumeJa00
442,C.J. Prosise,HOU,RB,12.7,13.7,10.2,,124,,ProsC.00
443,Patrick Ricard,BAL,FB,17.4,18.4,12.9,,122,,RicaPa00
444,Chris Streveler,ARI,QB,7.7,8.7,8.7,,63,,StreCh00
445,Pharoh Cooper,CAR,WR,12.3,12.3,9.8,,177,,CoopPh00
446,Ben DiNucci,DAL,QB,7.0,9.0,7.0,,64,,DiNuBe00
447,Buddy Howell,HOU,RB,7.7,7.7,7.2,,129,,HoweGr00
448,Jaylen Samuels,PIT,RB,16.4,16.4,11.9,,126,,SamuJa00
449,Anthony Sherman,KAN,RB,8.3,8.3,7.8,,127,,SherAn00
450,Keith Smith,ATL,FB,17.6,17.6,12.1,,130,,SmitKe03
451,Courtland Sutton,DEN,WR,9.6,9.6,8.1,,178,,SuttCo00
452,Colin Thompson,CAR,TE,7.7,7.7,7.2,,81,,ThomCo03
453,Jonathan Ward,ARI,RB,8.1,8.1,7.6,,128,,WardJo00
454,Ja'Marcus Bradley,CLE,WR,11.0,11.0,8.5,,182,,BradJa01
455,Tyrie Cleveland,DEN,WR,12.3,12.3,9.3,,180,,ClevTy00
456,Jason Croom,PHI,TE,7.3,7.3,6.8,,82,,CrooJa00
457,Ashton Dulin,IND,WR,9.4,9.4,7.9,,179,,DuliAs00
458,Marlon Mack,IND,RB,8.6,8.6,7.1,,133,,MackMa00
459,Jaydon Mickens,TAM,WR,12.8,12.8,9.3,,184,,MickJa01
460,Steven Mitchell,HOU,WR,11.0,11.0,8.5,,183,,MitcSt02
461,Damion Ratley,NYG,WR,10.3,10.3,8.3,,181,,RatlDa00
462,Theo Riddick,LVR,RB,10.7,10.7,8.2,,132,,RiddTh00
463,Luke Stocker,ATL,TE,13.3,13.3,9.8,,83,,StocLu00
464,Jordan Thomas,2TM,TE,7.3,7.3,6.8,,84,,ThomJo05
465,Brandon Wilson,CIN,RB,6.0,6.0,6.0,,131,,WilsBr01
466,Michael Burton,NOR,FB,8.6,8.6,6.6,,136,,BurtMi00
467,Trenton Cannon,CAR,RB,7.9,7.9,6.4,,135,,CannTr00
468,Cethan Carter,CIN,TE,10.3,10.3,7.8,,85,,CartCe00
469,Demetrius Harris,CHI,TE,11.5,11.5,8.0,,89,,HarrDe03
470,Dontrell Hilliard,2TM,RB,6.0,6.0,5.5,,134,,HillDo00
471,Chris Manhertz,CAR,TE,11.2,11.2,8.2,,87,,ManhCh00
472,Johnny Mundt,LAR,TE,9.3,9.3,7.3,,86,,MundJo00
473,Trent Sherfield,ARI,WR,10.0,10.0,7.5,,186,,SherTr00
474,Levine Toilolo,NYG,TE,9.6,9.6,7.1,,88,,ToilLe00
475,Nick Westbrook-Ikhine,TEN,WR,8.3,8.3,6.8,,185,,WestNi00
476,Isaiah Zuber,NWE,WR,7.0,7.0,6.0,,187,,ZubeIs00
477,Khari Blasingame,TEN,FB,7.9,7.9,5.9,,138,,BlasKh00
478,Hunter Bryant,DET,TE,5.4,5.4,4.9,,90,,BryaHu02
479,Lawrence Cager,NYJ,WR,5.5,5.5,4.5,,192,,CageLa01
480,River Cracraft,SFO,WR,10.1,10.1,7.1,,188,,CracRi00
481,Robert Foster,WAS,WR,5.7,5.7,4.7,,191,,FostRo01
482,Ted Ginn Jr.,CHI,WR,7.0,7.0,5.5,,189,,GinnTe00
483,Terry Godwin,JAX,WR,6.5,6.5,5.0,,193,,GodwTe00
484,Tanner Hudson,TAM,TE,7.1,7.1,5.6,,92,,HudsTa00
485,Juwan Johnson,NOR,TE,7.9,7.9,5.9,,93,,JohnJu02
486,Nick Keizer,KAN,TE,10.3,11.3,7.3,,91,,KeizNi00
487,Devine Ozigbo,JAX,RB,13.3,13.3,8.8,,137,,OzigDe01
488,Elijhaa Penny,NYG,RB,5.5,5.5,4.5,,139,,PennEl00
489,Riley Ridley,CHI,WR,7.9,7.9,5.9,,190,,RidlRi00
490,Kahale Warring,HOU,TE,6.5,6.5,5.0,,96,,WarrKa00
491,Charlie Woerner,SFO,TE,6.6,6.6,5.1,,94,,WoerCh00
492,Deon Yelder,KAN,TE,10.6,10.6,7.1,,95,,YeldDe00
493,Alex Armah,CAR,FB,7.7,7.7,5.2,,143,,ArmaAl00
494,Daniel Brown,NYJ,WR,5.1,5.1,4.1,,194,,BrowDa04
495,Stephen Carlson,CLE,TE,4.1,4.1,3.6,,97,,CarlSt00
496,Ben Ellefson,JAX,TE,4.0,4.0,3.5,,98,,ElleBe00
497,Antonio Gandy-Golden,WAS,WR,3.5,3.5,3.0,,198,,GandAn00
498,Jaeden Graham,ATL,TE,5.5,5.5,4.0,,99,,GrahJa01
499,Robert Griffin III,BAL,QB,2.6,5.6,4.6,,66,,GrifRo01
500,Tyler Huntley,BAL,QB,2.9,2.9,2.9,,65,,HuntTy01
501,Josh Malone,NYJ,WR,6.8,6.8,4.8,,196,,MaloJo00
502,Rashaad Penny,SEA,RB,3.4,3.4,3.4,,140,,PennRa00
503,Seth Roberts,CAR,WR,7.1,7.1,5.1,,195,,RobeSe00
504,Bo Scarbrough,SEA,RB,3.1,3.1,3.1,,141,,ScarBo01
505,Darrius Shepherd,GNB,WR,7.6,8.6,5.1,,197,,ShepDa00
506,Austin Walter,SFO,RB,4.0,4.0,3.5,,142,,WaltAu00
507,LeVante Bellamy,DEN,RB,2.6,2.6,2.1,,147,,BellLe02
508,David Blough,DET,QB,1.8,2.8,2.8,,73,,BlouDa00
509,Deontay Burnett,PHI,WR,4.9,4.9,3.4,,202,,BurnDe00
510,Antonio Callaway,MIA,WR,4.0,4.0,3.0,,201,,CallAn00
511,Joshua Dobbs,PIT,QB,2.1,2.1,2.1,,69,,DobbJo00
512,Rico Dowdle,DAL,RB,2.4,2.4,2.4,,144,,DowdRi01
513,Daurice Fountain,IND,WR,4.3,4.3,3.3,,199,,FounDa00
514,Penny Hart,SEA,WR,3.2,3.2,2.7,,200,,HartPe01
515,Brian Hoyer,NWE,QB,2.0,4.0,3.0,,70,,HoyeBr00
516,Jason Huntley,PHI,RB,2.9,2.9,2.4,,145,,HuntJa01
517,Andy Janovich,CLE,RB,3.7,3.7,2.7,,146,,JanoAn00
518,Case Keenum,CLE,QB,1.8,1.8,1.8,,72,,KeenCa00
519,Dalton Keene,NWE,TE,4.6,4.6,3.1,,100,,KeenDa00
520,Tommylee Lewis,NOR,WR,2.9,2.9,2.4,,203,,LewiTo00
521,Donte Moncrief,NWE,WR,2.9,2.9,2.4,,204,,MoncDo00
522,Colby Parkinson,SEA,TE,3.6,3.6,2.6,,101,,ParkCo02
523,Nathan Peterman,LVR,QB,1.9,1.9,1.9,,71,,PeteNa00
524,Scottie Phillips,HOU,RB,2.6,2.6,2.1,,148,,PhilSc01
525,John Ross,CIN,WR,3.7,3.7,2.7,,205,,RossJo00
526,Eric Saubert,JAX,TE,4.6,4.6,3.1,,102,,SaubEr00
527,Jaleel Scott,NYJ,WR,2.6,2.6,2.1,,206,,ScotJa02
528,Tommy Stevens,CAR,QB,2.4,2.4,2.4,,67,,StevTo01
529,Dwayne Washington,NOR,RB,1.5,1.5,1.5,,149,,WashDw00
530,Jameis Winston,NOR,QB,2.4,2.4,2.4,,68,,WinsJa00
531,Nick Bellore,SEA,FB,2.4,2.4,1.9,,150,,BellNi01
532,Tyler Bray,CHI,QB,0.7,0.7,0.7,,77,,BrayTy00
533,Jake Butt,DEN,TE,2.5,2.5,1.5,,111,,ButtJa00
534,Derek Carrier,LVR,TE,2.4,2.4,1.9,,103,,CarrDe00
535,Chandler Cox,MIA,RB,2.9,2.9,1.9,,152,,CoxxCh01
536,Josiah Deguara,GNB,TE,2.2,2.2,1.7,,104,,DeguJo00
537,Gehrig Dieter,KAN,WR,2.0,2.0,1.5,,213,,DietGe00
538,Brandon Dillon,MIN,TE,1.6,1.6,1.1,,108,,DillBr00
539,D.J. Foster,ARI,WR,1.9,1.9,1.4,,214,,FostD.01
540,Bennie Fowler,NOR,WR,3.1,3.1,2.1,,211,,FowlBe00
541,Cullen Gillaspia,HOU,RB,1.6,1.6,1.1,,156,,GillCu00
542,Temarrick Hemingway,WAS,TE,2.0,2.0,1.5,,107,,HemiTe00
543,Cody Hollister,TEN,WR,2.2,2.2,1.7,,210,,HollCo00
544,Trenton Irwin,CIN,WR,1.5,1.5,1.0,,215,,IrwiTr00
545,Blake Jarwin,DAL,TE,2.2,2.2,1.7,,105,,JarwBl00
546,Tony Jones,NOR,RB,1.3,1.3,1.3,,151,,JoneTo04
547,Marcus Kemp,2TM,WR,2.1,2.1,1.6,,212,,KempMa00
548,Keith Kirkwood,CAR,WR,2.3,2.3,1.8,,208,,KirkKe00
549,John Lovett,GNB,TE,0.6,0.6,0.6,,109,,LoveJo02
550,A.J. McCarron,HOU,QB,0.8,0.8,0.8,,76,,McCaA.00
551,Lamar Miller,CHI,RB,2.6,2.6,1.6,,157,,MillLa01
552,Senorise Perry,TEN,RB,0.9,0.9,0.9,,153,,PerrSe00
553,James Proche,BAL,WR,2.4,2.4,1.9,,207,,ProcJa00
554,Craig Reynolds,JAX,RB,1.7,1.7,1.2,,155,,ReynCr00
555,Geno Smith,SEA,QB,1.1,1.1,1.1,,75,,SmitGe00
556,Vyncint Smith,NYJ,WR,2.3,2.3,1.8,,209,,SmitVy00
557,Jeremy Sprinkle,WAS,TE,1.6,1.6,1.1,,110,,SpriJe00
558,Trevon Wesco,NYJ,TE,1.5,1.5,1.0,,112,,WescTr00
559,Dexter Williams,GNB,RB,0.8,0.8,0.8,,154,,WillDe07
560,Jonathan Williams,DET,RB,4.6,5.6,2.6,,158,,WillJo07
561,Luke Willson,2TM,TE,2.2,2.2,1.7,,106,,WillLu00
562,Logan Woodside,TEN,QB,1.3,1.3,1.3,,74,,WoodLo00
563,Antony Auclair,TAM,TE,,,,,115,,AuclAn00
564,Tavon Austin,GNB,WR,5.0,6.0,2.5,,217,,AustTa00
565,Alex Bachman,NYG,WR,,,,,218,,BachAl00
566,Jeff Badet,WAS,WR,,,,,219,,BadeJe00
567,Jake Bargas,MIN,FB,,,,,162,,BargJa00
568,Kenjon Barner,TAM,RB,,,,,163,,BarnKe00
569,Marcus Baugh,WAS,TE,1.2,1.2,0.7,,114,,BaugMa02
570,Evan Baylis,ARI,TE,,,,,116,,BaylEv00
571,Andrew Beck,DEN,TE,,,,,117,,BeckAn01
572,Nate Becker,BUF,TE,,,,,118,,BeckNa00
573,Reggie Begelton,GNB,WR,,,,,220,,BegeRe00
574,Rashod Berry,NWE,TE,,,,,119,,BerrRa01
575,Darius Bradwell,LAC,FB,,,,,164,,BradDa00
576,Beau Brinkley,TEN,TE,,,,,120,,BrinBe00
577,Tony Brooks-James,ATL,RB,0.4,0.4,0.4,,159,,BrooTo01
578,Fred Brown,DEN,WR,,,,,221,,BrowFr01
579,Tony Brown,WAS,WR,,,,,222,,BrowTo03
580,Deante Burton,DAL,WR,,,,,223,,BurtDe00
581,Hakeem Butler,PHI,WR,,,,,224,,ButlHa00
582,Deon Cain,PIT,WR,,,,,225,,CainDe00
583,Raymond Calais,LAR,RB,,,,,165,,CalaRa00
584,Dan Chisena,MIN,WR,,,,,226,,ChisDa00
585,Matt Cole,SFO,WR,,,,,227,,ColeMa03
586,Nathan Cottrell,JAX,RB,,,,,166,,CottNa00
587,Isaiah Coulter,HOU,WR,,,,,228,,CoulIs00
588,Jeremy Cox,DEN,RB,,,,,167,,CoxxJe00
589,Sean Culkin,BAL,TE,,,,,121,,CulkSe00
590,Tyler Davis,JAX,TE,,,,,122,,DaviTy02
591,Seth Devalve,ARI,TE,,,,,123,,DevaSe00
592,Keelan Doss,LVR,WR,,,,,229,,DossKe00
593,Trey Edmunds,PIT,RB,,,,,168,,EdmuTr00
594,Zach Gentry,PIT,TE,,,,,124,,GentZa00
595,Cyril Grayson,TAM,WR,,,,,230,,GrayCy01
596,Farrod Green,IND,TE,,,,,125,,GreeFa00
597,Garrett Griffin,NOR,TE,,,,,126,,GrifGa00
598,Justin Hardee,NOR,WR,,,,,231,,HardJu01
599,Daniel Helm,SFO,TE,,,,,127,,HelmDa01
600,Hale Hentges,MIN,TE,,,,,128,,HentHa00
601,J.P. Holtz,CHI,TE,,,,,129,,HoltJ.01
602,Johnny Holton,NYG,WR,,,,,232,,HoltJo00
603,Brycen Hopkins,LAR,TE,,,,,130,,HopkBr01
604,Taiwan Jones,BUF,RB,,,,,169,,JoneTa00
605,Xavier Jones,LAR,RB,,,,,170,,JoneXa00
606,Javon Leake,WAS,RB,,,,,171,,LeakJa01
607,Jordan Matthews,SFO,WR,,,,,233,,MattJo00
608,Sean McKeon,DAL,TE,,,,,131,,McKeSe01
609,Kirk Merritt,MIA,WR,,,,,234,,MerrKi00
610,Marken Michel,CAR,WR,,,,,235,,MichMa00
611,Bruce Miller,JAX,FB,1.2,1.2,0.7,,161,,MillBr02
612,Chris Moore,BAL,WR,,,,,236,,MoorCh00
613,Jason Moore,LAC,WR,,,,,237,,MoorJa02
614,Stanley Morgan Jr.,CIN,WR,,,,,238,,MorgSt02
615,Chris Myarick,MIA,TE,,,,,132,,MyarCh00
616,Jojo Natson,CLE,WR,0.3,0.3,0.3,,216,,NatsJo00
617,Isaac Nauta,DET,TE,1.3,1.3,0.8,,113,,NautIs00
618,Qadree Ollison,ATL,RB,0.3,0.3,0.3,,160,,OlliQa00
619,Sewo Olonilua,DAL,RB,,,,,172,,OlonSe01
620,K.J. Osborn,MIN,WR,,,,,239,,OsboKJ00
621,Dezmon Patmon,IND,WR,,,,,240,,PatmDe00
622,Trey Quinn,JAX,WR,,,,,241,,QuinTr00
623,Kevin Rader,PIT,TE,,,,,133,,RadeKe00
624,Chris Rowland,ATL,WR,,,,,242,,RowlCh00
625,Matt Schaub,ATL,QB,-0.4,-0.4,-0.4,,80,,SchaMa00
626,Mason Schreck,CIN,TE,,,,,134,,SchrMa00
627,Ricky Seals-Jones,KAN,WR,,,,,243,,SealRi00
628,Tajae Sharpe,MIN,WR,,,,,244,,SharTa00
629,Matthew Slater,NWE,WR,,,,,245,,SlatMa00
630,Wendell Smallwood,PIT,RB,,,,,173,,SmalWe00
631,Matt Sokol,LAC,TE,,,,,135,,SokoMa00
632,Jayson Stanley,SEA,WR,,,,,246,,StanJa00
633,Johnny Stanton,CLE,FB,,,,,174,,StanJo02
634,Easton Stick,LAC,QB,,,,,79,,SticEa00
635,Stephen Sullivan,SEA,TE,,,,,136,,SullSt00
636,Taywan Taylor,CLE,WR,,,,,247,,TaylTa00
637,Noah Togiai,IND,TE,,,,,137,,TogiNo00
638,Eric Tomlinson,2TM,TE,,,,,138,,TomlEr01
639,Malik Turner,DAL,WR,,,,,248,,TurnMa00
640,Michael Warren,WAS,RB,,,,,175,,WarrMi01
641,Derek Watt,PIT,FB,,,,,176,,WattDe00
642,Joe Webb,NYG,QB,,,,,78,,WebbJo00
643,Kevin White,SFO,WR,,,,,249,,WhitKe00
644,Kristian Wilkerson,NWE,WR,,,,,250,,WilkKr00
645,Derrick Willies,CLE,WR,,,,,251,,WillDe06
646,Duke Williams,BUF,WR,,,,,252,,WillDu01
647,Caleb Wilson,PHI,TE,,,,,139,,WilsCa00
648,Juwann Winfree,GNB,WR,,,,,253,,WinfJu00
649,Tim Boyle,GNB,QB,-0.9,-0.9,-0.9,,81,,BoylTi00
650,DeAndre Carter,2TM,WR,-0.2,0.8,-0.7,,255,,CartDe02
651,Adrian Killins,PHI,RB,,,-0.5,,177,,KillAd00
652,Andre Roberts,BUF,WR,3.1,5.1,1.1,,254,,RobeAn00
653,Dwayne Harris,CHI,WR,-2.0,-1.0,-2.0,,257,,HarrDw00
654,Nate Sudfeld,PHI,QB,-1.5,0.5,-0.5,,82,,SudfNa00
655,Nsimba Webster,LAR,WR,-2.0,-1.0,-2.0,,258,,WebsNs00
656,Dede Westbrook,JAX,WR,-0.6,0.4,-1.1,,256,,WestDe00
657,Kendall Hinton,DEN,WR,-2.8,-0.8,-0.8,,259,,HintKe00
